group,dx_mm,dy_mm,pick_pass,hold_3s_pass,hold_min_height_mm,hold_max_xy_mm
validation26,0.0,0.0,True,True,128.3603515625,7.194189548492432
validation26,10.0,0.0,True,True,128.46014404296875,6.73826265335083
validation26,-10.0,0.0,True,True,128.09970092773438,7.124386310577393
validation26,0.0,-10.0,True,True,128.46151733398438,6.858259677886963
validation26,0.0,10.0,True,True,128.1191864013672,5.9084625244140625
validation26,-20.0,0.0,True,True,128.12074279785156,7.861778259277344
validation26,20.0,0.0,True,True,127.91889953613281,6.56814432144165
validation26,0.0,-20.0,True,True,128.5531768798828,7.379319667816162
validation26,0.0,20.0,True,True,128.30674743652344,6.903899192810059
validation26,-20.0,-20.0,True,True,128.35650634765625,9.276847839355469
validation26,-20.0,20.0,True,True,128.709716796875,7.005095958709717
validation26,20.0,-20.0,True,True,128.1131134033203,7.564020156860352
validation26,20.0,20.0,True,True,128.10316467285156,8.329240798950195
validation26,-8.927,-8.147,True,True,128.27471923828125,6.914660453796387
validation26,-13.82,2.136,True,True,128.72023010253906,7.33573579788208
validation26,-19.123,-15.53,True,True,128.834228515625,8.963427543640137
validation26,-8.512,-8.622,True,True,128.14529418945312,6.68766975402832
validation26,15.344,5.632,True,True,127.94207000732422,6.946974754333496
validation26,-30.0,0.0,True,True,128.84539794921875,9.326150894165039
validation26,30.0,0.0,True,True,128.16278076171875,7.3539934158325195
validation26,0.0,-30.0,True,True,128.44381713867188,7.989643096923828
validation26,0.0,30.0,True,True,128.3227081298828,7.444421768188477
validation26,-30.0,-30.0,True,True,128.4751434326172,10.450418472290039
validation26,-30.0,30.0,True,True,128.81890869140625,9.824688911437988
validation26,30.0,-30.0,True,True,128.30487060546875,7.082241535186768
validation26,30.0,30.0,True,True,128.1387176513672,10.250502586364746
random5,-2.12,15.26,True,True,128.4105224609375,6.462899208068848
random5,-21.914,-6.215,True,True,128.60475158691406,7.782899379730225
random5,-24.981,-19.628,True,True,128.44247436523438,9.75106143951416
random5,-4.286,24.037,True,True,128.62095642089844,6.951020240783691
random5,-18.254,4.408,True,True,128.5531463623047,8.07440185546875
positive4,14.972,-23.836,True,True,128.31216430664062,8.01075267791748
positive4,12.324,0.347,True,True,128.29991149902344,6.612997055053711
positive4,18.082,-2.793,True,True,128.2410430908203,6.7915520668029785
positive4,15.143,19.982,True,True,127.87103271484375,7.647754669189453
